,S.No,Class,Students,Pre Score,Post Score,Gain
1,1,3,94,64.14,74.57,10.429999999999993
2,2,4,93,63.6,69.97,6.369999999999997
3,3,5,91,64.7,70.38,5.679999999999993
4,4,6,92,53.62,61.13,7.510000000000005
5,5,7,95,60.14,64.86,4.719999999999999
6,6,8,62,62.02,66.08,4.059999999999995
7,7,9,30,64.3,67.36,3.0600000000000023
8,8,10,8,65.13,84.87,19.74000000000001
